idna_subject,checker_type,destination,tested_at
www.bruciati.com,AVAILABILITY,origin.list,2021-08-14 08:48:50.623652
www.eosbd.com,AVAILABILITY,origin.list,2021-08-14 08:48:57.324408
www.googlefoad.top,AVAILABILITY,origin.list,2021-08-14 08:49:05.426811
www.mango-do.com,AVAILABILITY,origin.list,2021-08-14 08:49:11.266734
xmdqcy.com,AVAILABILITY,origin.list,2021-08-14 08:49:17.877813
chinatea.ro,AVAILABILITY,origin.list,2021-08-14 08:49:25.978636
new.usedtextbooksbuyer.com,AVAILABILITY,origin.list,2021-08-14 08:49:32.657842
rulshtory.wmlead.ru,AVAILABILITY,origin.list,2021-08-14 08:49:43.203945
pronorm.fr,AVAILABILITY,origin.list,2021-08-14 08:49:50.375142
promotesystem.be,AVAILABILITY,origin.list,2021-08-14 08:49:57.720624
www.smartwashingtonhomebuyers.com,AVAILABILITY,origin.list,2021-08-14 08:50:04.555533
adoptshawm.net,AVAILABILITY,origin.list,2021-08-15 01:11:21.875860
africantickets.de,AVAILABILITY,origin.list,2021-08-15 01:11:28.549746
kavehconsultancy.co,AVAILABILITY,origin.list,2021-08-15 01:11:35.871182
td-kuk.si,AVAILABILITY,origin.list,2021-08-15 01:11:41.664643
www.huntingcargos.com,AVAILABILITY,origin.list,2021-08-15 01:11:47.985595
www.ladylinetattoo.org,AVAILABILITY,origin.list,2021-08-15 01:11:54.962511
alefunny.pl,AVAILABILITY,origin.list,2021-08-15 01:12:01.913237
azshop24.com.vn,AVAILABILITY,origin.list,2021-08-15 01:12:08.494613
berkahbajamakmur.com,AVAILABILITY,origin.list,2021-08-15 01:12:14.840026
blog.rotapost.ru,AVAILABILITY,origin.list,2021-08-15 01:12:23.212584
broadcastaudiodevices.com,AVAILABILITY,origin.list,2021-08-15 01:12:29.554220
cabincrewdiaries.com,AVAILABILITY,origin.list,2021-08-15 01:12:35.803487
canalvelo.fr,AVAILABILITY,origin.list,2021-08-15 01:12:42.368804
collegefarms.org,AVAILABILITY,origin.list,2021-08-15 01:12:54.533967
db-hardware.fr,AVAILABILITY,origin.list,2021-08-15 01:13:00.268453
derinceozelders.com,AVAILABILITY,origin.list,2021-08-15 01:13:06.615924
deroyals.com,AVAILABILITY,origin.list,2021-08-15 01:13:12.925693
diego-fc.com,AVAILABILITY,origin.list,2021-08-15 01:13:18.355303
dj-producer-j-mbargo.com,AVAILABILITY,origin.list,2021-08-15 01:13:23.889894
doogo.com.ar,AVAILABILITY,origin.list,2021-08-15 01:13:30.927879
dreamwhistlerz.com,AVAILABILITY,origin.list,2021-08-15 01:13:37.285495
dsastrologer.com,AVAILABILITY,origin.list,2021-08-15 01:13:43.644222
efficiencyempregos.com.br,AVAILABILITY,origin.list,2021-08-15 01:13:50.858823
ehnova.com.br,AVAILABILITY,origin.list,2021-08-15 01:13:58.366995
ellohime.net,AVAILABILITY,origin.list,2021-08-15 01:14:04.716483
esysports.com,AVAILABILITY,origin.list,2021-08-15 01:14:11.087648
firelanepictures.com,AVAILABILITY,origin.list,2021-08-15 01:14:17.494507
funntv.com,AVAILABILITY,origin.list,2021-08-15 01:14:23.714569
galerymusic.id,AVAILABILITY,origin.list,2021-08-15 01:14:31.453822
gemshairandbeauty.com,AVAILABILITY,origin.list,2021-08-15 01:14:37.703530
gutentagmeinliebeqq.com,AVAILABILITY,origin.list,2021-08-15 01:14:44.116638
hilaryandsavio.com,AVAILABILITY,origin.list,2021-08-15 01:14:50.445322
hoardmaire.com,AVAILABILITY,origin.list,2021-08-15 01:14:56.891331
huayudianlan.net,AVAILABILITY,origin.list,2021-08-15 01:15:03.222695
huodaibbs.com,AVAILABILITY,origin.list,2021-08-15 01:15:09.478655
iconpda.com,AVAILABILITY,origin.list,2021-08-15 01:15:15.921576
iheartshop.net,AVAILABILITY,origin.list,2021-08-15 01:15:22.254440
intensegoal.com,AVAILABILITY,origin.list,2021-08-15 01:15:28.665645
jarakadvertising.com,AVAILABILITY,origin.list,2021-08-15 01:15:35.061507
jnjoilfieldservices.com,AVAILABILITY,origin.list,2021-08-15 01:15:41.395290
kliksusu.com,AVAILABILITY,origin.list,2021-08-15 01:15:47.719106
korkeaoja.org,AVAILABILITY,origin.list,2021-08-15 01:15:56.885824
makingitalia.net,AVAILABILITY,origin.list,2021-08-15 01:16:03.203852
mildreddeskinsjewelry.com,AVAILABILITY,origin.list,2021-08-15 01:16:09.497700
mmmkouzhao.com,AVAILABILITY,origin.list,2021-08-15 01:16:15.894807
ninkala.com,AVAILABILITY,origin.list,2021-08-15 01:16:22.391274
ordabeille.fr,AVAILABILITY,origin.list,2021-08-15 01:16:28.865275
payserairan.com,AVAILABILITY,origin.list,2021-08-15 01:16:35.218486
stimmwissenschaften.de,AVAILABILITY,origin.list,2021-08-15 01:16:41.794983
philippinesregalo.com,AVAILABILITY,origin.list,2021-08-15 01:16:48.095524
proxifarm.com,AVAILABILITY,origin.list,2021-08-15 01:16:54.458312
ptlchemicaltrading.com,AVAILABILITY,origin.list,2021-08-15 01:17:00.764612
sanae-sakamoto.ch,AVAILABILITY,origin.list,2021-08-15 01:17:10.443774
sfei.se,AVAILABILITY,origin.list,2021-08-15 01:17:17.277125
shiyunwuliu.com,AVAILABILITY,origin.list,2021-08-15 01:17:23.654174
sistemas-dms.com,AVAILABILITY,origin.list,2021-08-15 01:17:29.249639
skladdomodedovo.ru,AVAILABILITY,origin.list,2021-08-15 01:17:40.209949
swm-as.com,AVAILABILITY,origin.list,2021-08-15 01:17:45.668531
tandembikereviews.com,AVAILABILITY,origin.list,2021-08-15 01:17:52.017078
test.yanying100.com,AVAILABILITY,origin.list,2021-08-15 01:18:09.004485
thuexetamky.net,AVAILABILITY,origin.list,2021-08-15 01:18:15.361187
truhlarstvi-bezdeka.cz,AVAILABILITY,origin.list,2021-08-15 01:18:22.083614
truonglucqn.com,AVAILABILITY,origin.list,2021-08-15 01:18:28.372172
tscase.net,AVAILABILITY,origin.list,2021-08-15 01:18:34.698052
umumusic.co.uk,AVAILABILITY,origin.list,2021-08-15 01:18:41.226154
utlitydiscountplans.com,AVAILABILITY,origin.list,2021-08-15 01:18:47.645010
vlog24h.com,AVAILABILITY,origin.list,2021-08-15 01:18:54.023685
